text,label
The sponsor shall pay Rs 500000 to the player within 30 days.,payment
Payment shall be made in four equal installments.,payment
The amount payable under this agreement is Rs 200000.,payment
The company shall pay the consultant a monthly fee of Rs 50000.,payment
All invoices must be paid within fifteen business days.,payment
The first installment shall be released on signing of the agreement.,payment
A signing bonus of Rs 100000 shall be paid to the athlete.,payment
The license fee shall be payable annually in advance.,payment
The purchaser shall remit the full amount by bank transfer.,payment
The advertiser shall pay the agency a service fee every month.,payment
The balance consideration shall be paid on completion of services.,payment
The sponsor agrees to reimburse travel expenses incurred by the player.,payment
Fees shall be paid in Indian Rupees only.,payment
A non-refundable advance of Rs 75000 shall be deposited.,payment
The client shall clear all dues within seven days of receipt of invoice.,payment
The sponsor shall pay Rs 25000000 in quarterly installments.,payment
The Player shall receive a milestone bonus of Rs 1000000 upon scoring 500 runs in a single season.,payment
A performance incentive of Rs 500000 is payable if the Athlete maintains a top 10 national ranking.,payment
The Club shall pay a clean-sheet bonus to the Goalkeeper for every match without a conceded goal.,payment
The Franchise agrees to a 10% increase in base salary if the Team qualifies for the semi-finals.,payment
An 'Emerging Player' bonus shall be disbursed if the Athlete is selected for the national squad.,payment
The Sponsor shall provide an additional Rs 200000 for every 'Man of the Match' award won.,payment
The Player is entitled to a loyalty bonus of Rs 1500000 upon completion of three consecutive years.,payment
If the Team wins the Championship each member shall receive a fixed sum of Rs 1000000.,payment
The Brand shall pay a bonus for every social media post that exceeds one million organic views.,payment
The Organization agrees to pay a transition fee if the Player is traded to a higher division.,payment
Match fees of Rs 500000 shall be credited within 7 working days after each completed fixture.,payment
Royalties shall be paid at the end of each quarter.,payment
The brand will compensate the influencer with Rs 30000 per campaign.,payment
The buyer shall make payment through NEFT.,payment
Compensation shall include a fixed fee and performance bonus.,payment
The vendor shall receive payment after successful delivery.,payment
The franchise shall pay the player an annual fee of Rs 5000000 in four equal installments.,payment
The sponsor agrees to release 50% of the payment upon signing and remaining after campaign completion.,payment
Delayed payment beyond 30 days shall attract a penalty of 10% interest.,payment
The league shall disburse prize money within 60 days of tournament completion.,payment
The brand agrees to pay the influencer Rs 100000 per promotional post.,payment
The team shall pay the player match fees after each game.,payment
Sponsorship amount shall be credited within 15 days.,payment
The league will release funds after verification of documents.,payment
Payment shall be subject to tax deductions as per law.,payment
The club agrees to pay signing bonus upon contract execution.,payment
The franchise shall clear dues before the start of the season.,payment
All payments shall be processed through official banking channels.,payment
The player shall receive bonus upon achieving milestones.,payment
The sponsor shall pay marketing fees quarterly.,payment
Payment is contingent upon successful completion of deliverables.,payment
Either party may terminate this agreement by giving thirty days written notice.,termination
The sponsor may terminate the agreement upon material breach.,termination
This contract may be terminated immediately for fraud or misconduct.,termination
The company has the right to terminate services if obligations are not met.,termination
The agreement shall stand terminated upon insolvency of either party.,termination
The Club may terminate this agreement if the Player brings the sport into disrepute via social media.,termination
Engagement in illegal betting or match-fixing shall result in immediate contract nullification.,termination
Any arrest or criminal conviction of the Player allows the Sponsor to rescind the deal without pay.,termination
Publicly criticizing the Team’s management or coaching staff is a breach of the conduct policy.,penalty
The Player shall be fined 15% of their monthly fee for any unexcused absence from training.,penalty
Violating the league's anti-corruption code shall lead to a permanent ban and contract termination.,termination
Win bonus of Rs 2000000 shall be disbursed within 14 days of championship victory.,payment
The Athlete agrees to undergo random drug testing at the request of the Sports Authority.,other
Any involvement in public brawls or disorderly conduct shall trigger a high-risk penalty fee.,penalty
The Sponsor may suspend payments if the Player is suspended by the National Federation.,other
The employer may end this contract by serving prior notice.,termination
The franchise may terminate if player ranking falls below top 100.,termination
Termination shall be effective from the date of written communication.,termination
The contract may be cancelled if the player misses three events.,termination
The parties may mutually terminate the agreement at any time.,termination
Failure to deliver services may result in termination.,termination
The sponsor may end the arrangement for breach of exclusivity.,termination
This agreement shall automatically terminate upon expiry of the term.,termination
The agreement may be terminated for convenience with sixty days notice.,termination
Repeated violation of policy shall lead to termination.,termination
The partnership may be dissolved by written consent of both parties.,termination
The agreement shall cease to have effect after termination.,termination
The club may terminate the player contract for serious misconduct.,termination
The service provider may terminate if payments remain unpaid.,termination
The contract may be rescinded for misrepresentation.,termination
Either side may terminate after failure to cure breach within ten days.,termination
Either party may terminate this agreement with 30 days written notice.,termination
The franchise may terminate the contract immediately in case of misconduct.,termination
Contract shall terminate automatically if player fails doping test.,termination
The agreement may be terminated if performance targets are not met.,termination
Termination without cause requires a penalty payment of Rs 500000.,termination
The player contract shall terminate upon serious injury.,termination
The league may terminate participation for rule violations.,termination
Failure to attend mandatory events may lead to termination.,termination
The club reserves the right to terminate for indiscipline.,termination
The agreement shall terminate if sponsorship obligations are unmet.,termination
The franchise may terminate due to poor performance.,termination
Contract may end if player breaches anti-corruption code.,termination
The agreement terminates automatically at season end.,termination
Either party may terminate upon breach of conduct policies.,termination
The team may release the player with immediate effect.,termination
A penalty of Rs 10000 shall be imposed for late delivery.,penalty
The player shall pay fine for missing training sessions.,penalty
Penalty shall apply for violation of league rules.,penalty
A fine shall be imposed for late arrival at matches.,penalty
The sponsor shall impose penalties for contract breach.,penalty
Non-compliance shall attract financial consequences.,penalty
Penalty shall be deducted from match fees.,penalty
Violation of code of conduct shall result in penalty.,penalty
Failure to attend media events shall incur penalty.,penalty
The Athlete shall not consume prohibited substances as defined by the World Anti-Doping Agency.,penalty
The club may impose disciplinary fines.,penalty
Each missed obligation will result in penalty charges.,penalty
Delay in payment will attract a penalty of 2 percent per month.,penalty
The player shall be liable to pay damages for missed appearances.,penalty
A late fee of Rs 5000 shall apply to each default.,penalty
Failure to meet deadlines shall result in financial penalty.,penalty
The contractor shall bear a penalty for non-performance.,penalty
Any breach of confidentiality shall invite liquidated damages.,penalty
A sum of Rs 25000 shall be deducted as penalty for delay.,penalty
Non-compliance with branding guidelines shall attract a fine.,penalty
The supplier must pay penalties for defective goods.,penalty
A charge of Rs 1000 per day shall be levied for delay.,penalty
Breach of exclusivity will result in a fixed penalty amount.,penalty
The company may recover losses and impose contractual penalties.,penalty
The athlete shall pay compensation for unauthorised endorsements.,penalty
Missed milestones shall trigger monetary penalties.,penalty
The franchisee shall be penalized for each violation recorded.,penalty
Late submission of reports shall lead to penalty.,penalty
Late payment penalty of 2% per month shall be charged on overdue amounts.,penalty
Absence from training without approval incurs fine of Rs 50000 per day.,penalty
Breach of social media policy attracts penalty of Rs 200000 per violation.,penalty
The lessee shall incur penalties for delayed rent.,penalty
Default in performance will result in deduction from fees.,penalty
A financial sanction shall apply for each missed obligation.,penalty

The player shall not disclose contract terms publicly.,confidentiality
All negotiations shall remain confidential.,confidentiality
The sponsor shall protect proprietary information.,confidentiality
Confidential data shall not be shared with competitors.,confidentiality
The athlete shall not reveal internal strategies.,confidentiality
All business dealings shall remain private.,confidentiality
Confidentiality obligations extend beyond termination.,confidentiality
No party shall leak financial details.,confidentiality
Sensitive data must be encrypted and secured.,confidentiality
The parties agree to strict non-disclosure obligations.,confidentiality
The receiving party shall keep all confidential information secret.,confidentiality
No confidential data shall be disclosed to third parties.,confidentiality
The employee shall not reveal proprietary information.,confidentiality
Trade secrets must be protected at all times.,confidentiality
Both parties agree to maintain strict confidentiality.,confidentiality
Confidential material shall be used only for contract purposes.,confidentiality
The consultant shall not share internal documents.,confidentiality
Sensitive business information must remain private.,confidentiality
The parties shall preserve secrecy of all non-public information.,confidentiality
Disclosure of confidential content is prohibited without consent.,confidentiality
All technical know-how shall be treated as confidential.,confidentiality
The player shall not leak promotional plans to outsiders.,confidentiality
Marketing strategies shared under this agreement are confidential.,confidentiality
The recipient shall return all confidential records on request.,confidentiality
The confidentiality obligation shall survive termination.,confidentiality
Private data may only be accessed by authorized personnel.,confidentiality
The vendor shall not publish client information.,confidentiality
Confidential reports shall not be copied or distributed.,confidentiality
All non-public financial data must be safeguarded.,confidentiality
Breach of confidentiality may lead to legal action.,confidentiality
Both parties agree to keep all contract details confidential.,confidentiality
Disclosure of sensitive information may result in legal action.,confidentiality
The player shall not share internal team strategies publicly.,confidentiality
All contract negotiations and financial terms shall remain strictly confidential.,confidentiality
The player shall not disclose team strategies or tactical information publicly.,confidentiality
Confidentiality obligations survive contract termination for a period of 5 years.,confidentiality

Any dispute shall be resolved by arbitration in Mumbai.,dispute_resolution
All disputes shall be settled through sports arbitration.,dispute_resolution
Any dispute shall be referred to arbitration tribunal.,dispute_resolution
The parties agree to resolve disputes amicably.,dispute_resolution
Disputes shall be handled by league authority.,dispute_resolution
The arbitration venue shall be Mumbai.,dispute_resolution
All disputes shall be subject to ICC arbitration.,dispute_resolution
The parties shall attempt mediation before litigation.,dispute_resolution
Disputes shall be resolved under BCCI guidelines.,dispute_resolution
The decision of arbitrator shall be binding.,dispute_resolution
All conflicts shall be settled through mutual negotiation.,dispute_resolution
Disputes arising under this agreement shall be settled through arbitration.,dispute_resolution
Any controversy shall be referred to a sole arbitrator.,dispute_resolution
The parties shall first attempt amicable settlement of disputes.,dispute_resolution
All disputes shall be subject to mediation before arbitration.,dispute_resolution
In case of conflict the matter shall be resolved in court.,dispute_resolution
The parties agree to resolve disputes through mutual negotiation.,dispute_resolution
A dispute board shall hear disagreements under this contract.,dispute_resolution
Any legal dispute shall be submitted to arbitration.,dispute_resolution
The jurisdiction for dispute settlement shall be Delhi courts.,dispute_resolution
Claims and disputes shall be decided by a competent tribunal.,dispute_resolution
All disputes shall be handled under the Arbitration and Conciliation Act.,dispute_resolution
Disputes must be raised within thirty days for resolution.,dispute_resolution
The venue of arbitration shall be New Delhi.,dispute_resolution
Any disagreement shall first be discussed in good faith.,dispute_resolution
The parties submit to the exclusive jurisdiction of Mumbai courts.,dispute_resolution
Arbitration proceedings shall be conducted in English.,dispute_resolution
A neutral mediator shall be appointed in case of dispute.,dispute_resolution
The award of the arbitrator shall be final and binding.,dispute_resolution
All contract disputes shall be addressed before competent courts.,dispute_resolution

This agreement shall be governed by the laws of India.,governing_law
The contract shall be interpreted under Indian law.,governing_law
The governing law of this agreement shall be the law of Delhi.,governing_law
This deed shall be subject to the laws in force in India.,governing_law
The parties agree that Indian legal principles shall apply.,governing_law
This contract is regulated by the laws of Maharashtra.,governing_law
This agreement shall be governed by BCCI regulations.,governing_law
The contract shall follow ICC rules.,governing_law
The agreement shall comply with Indian sports law.,governing_law
All terms shall be interpreted under national law.,governing_law
This contract shall follow IPL governing policies.,governing_law
The agreement is subject to international sports regulations.,governing_law
text,label
All disputes shall be referred to the Court of Arbitration for Sport (CAS) in Lausanne.,dispute_resolution
The validity and construction of this deed shall be governed by the laws of Switzerland.,governing_law
Any mediation between the Player and the Club shall be conducted in the English language.,dispute_resolution
The parties agree to the exclusive jurisdiction of the High Court of Karnataka.,governing_law
This agreement shall be interpreted according to the rules of the International Olympic Committee.,governing_law
No amendment to this contract shall be valid unless made in writing and signed by both.,other
The failure to exercise a right under this contract does not constitute a waiver of that right.,other
If any provision is found to be invalid, the remaining terms shall remain in full effect.,other
The Athlete waives the right to a jury trial for any contractual disputes.,dispute_resolution
The agreement shall be governed by the laws of the State where the Team is headquartered.,governing_law
Applicable law shall be Indian jurisdiction.,governing_law
The agreement shall be governed by local league rules.,governing_law
All provisions shall comply with governing statutes.,governing_law
Legal framework shall be Indian law.,governing_law
Applicable law shall be the law of the Republic of India.,governing_law
This arrangement shall be construed according to Indian statutes.,governing_law
The rights of parties shall be determined under Indian law.,governing_law
The agreement will be governed by local legal provisions.,governing_law
The contract shall follow the law applicable in Mumbai.,governing_law
This agreement shall be governed by and construed under Indian law.,governing_law
The governing law shall be the laws of England and Wales.,governing_law
This agreement shall be interpreted in accordance with Singapore law.,governing_law
The contract will be subject to federal law.,governing_law
This agreement shall be governed by the laws of India.,governing_law
Any arbitration shall be conducted under ICC rules.,governing_law

The player shall be liable for any breach of endorsement obligations.,liability
The player shall be liable for breach of discipline.,liability
The club is not liable for player injuries.,liability
The sponsor shall not be responsible for losses.,liability
The league disclaims liability for event cancellations.,liability
The athlete shall bear responsibility for misconduct.,liability
The franchise is not liable for external damages.,liability
The player shall indemnify the team against losses.,liability
The organization shall not be liable for delays.,liability
The sponsor shall not bear liability for performance failure.,liability
Any risk shall be borne by the player.,liability
The sponsor is not responsible for injuries during promotional events.,liability
Any damages caused due to negligence shall be borne by the franchise.,liability
The Club shall provide comprehensive career-ending injury insurance for the Athlete.,liability
The Organization is not liable for injuries sustained during unauthorized off-season activities.,liability
The Player shall be responsible for maintaining their own personal liability insurance.,liability
The Team shall provide a dedicated medical team for the Player's rehabilitation post-surgery.,other
The Sponsor shall be held harmless for any injury sustained during the filming of commercials.,liability
The Player shall indemnify the Franchise against any third-party claims for personal negligence.,liability
If the Athlete is found to have a pre-existing condition the contract may be deemed void.,termination
The Club shall cover all costs for travel to international medical specialists if required.,payment
The Organization disclaims responsibility for any loss of earnings due to league suspension.,liability
The Athlete must disclose all medical history prior to the signing of the agreement.,other
The organization disclaims liability for unforeseen event cancellations.,liability

The player must participate in at least 90% of scheduled matches.,performance
Failure to meet performance benchmarks may lead to contract review.,performance
The influencer must post at least 5 promotional contents per month.,performance
Non-compliance with training schedules may result in penalties.,performance
The player must maintain fitness standards.,performance
Minimum performance criteria must be met.,performance
The athlete must attend all scheduled matches.,performance
The player shall comply with training schedules.,performance
Performance metrics shall be evaluated monthly.,performance
Failure to perform may lead to review.,performance
The athlete must meet contractual obligations.,performance
The player must maintain discipline standards.,performance
The influencer must promote brand regularly.,performance
The player shall deliver expected performance outcomes.,performance

The term of this agreement shall be twelve months.,other
The player shall attend press conferences.,other
The sponsor shall provide branding kits.,other
The club shall arrange travel facilities.,other
The team shall provide accommodation.,other
The athlete shall participate in promotional events.,other
The organization shall issue ID credentials.,other
The sponsor shall provide uniforms.,other
The player shall wear team jersey.,other
The club shall provide training support.,other
The agreement shall be renewed upon consent.,other
The player must attend two promotional events each month.,other
The sponsor shall provide branding material to the player.,other
The company shall supply uniforms and equipment.,other
The consultant shall submit weekly reports.,other
The athlete must participate in media campaigns.,other
The sponsor shall provide travel and accommodation.,other
The parties may renew the agreement upon mutual consent.,other
The vendor must deliver goods at the listed address.,other
The influencer shall create three posts per month.,other
The service provider shall maintain quality standards.,other
The organization shall issue an identity card to the employee.,other
The player must wear sponsor logos during events.,other
The club shall provide access to training facilities.,other
The advertiser shall approve all content before publication.,other
This agreement becomes effective from the date of signing.,other
The contractor shall maintain proper records of work completed.,other
Both parties shall cooperate in good faith.,other
The franchisee shall use the approved trademark only.,other
All notices shall be sent by registered email.,other
text,label
The Player grants the Club the exclusive right to use their signature on official merchandise.,other
The Organization owns all digital content captured during official training and matches.,other
The Athlete shall not wear any apparel from a competing brand during official press conferences.,confidentiality
The Club may license the Players digital likeness for use in official video games and VR media.,other
The Sponsor retains all rights to promotional footage featuring the Athlete for ten years.,other
The Player shall refrain from using Team logos on personal commercial endorsements.,other
The Franchise shall have the right of first refusal for any personal sponsorship deals.,other
The Athletes personal website must display the Teams lead sponsor on the homepage.,other
Unauthorized use of the Leagues trademark by the Player shall result in legal action.,liability
The Player agrees to participate in up to five 4-hour commercial filming sessions per year.,other
Payment shall be made in four equal installments.,payment
The amount payable under this agreement is Rs 200000.,payment
The company shall pay the consultant a monthly fee of Rs 50000.,payment
All invoices must be paid within fifteen business days.,payment
The first installment shall be released on signing of the agreement.,payment
A signing bonus of Rs 100000 shall be paid to the athlete.,payment
The license fee shall be payable annually in advance.,payment
The purchaser shall remit the full amount by bank transfer.,payment
The advertiser shall pay the agency a service fee every month.,payment
The balance consideration shall be paid on completion of services.,payment
The sponsor agrees to reimburse travel expenses incurred by the player.,payment
Fees shall be paid in Indian Rupees only.,payment
A non-refundable advance of Rs 75000 shall be deposited.,payment
The client shall clear all dues within seven days of receipt of invoice.,payment
Royalties shall be paid at the end of each quarter.,payment
The brand will compensate the influencer with Rs 30000 per campaign.,payment
The buyer shall make payment through NEFT.,payment
Compensation shall include a fixed fee and performance bonus.,payment
The vendor shall receive payment after successful delivery.,payment
The franchise shall pay the player an annual fee of Rs 5000000 in four equal installments.,payment
The sponsor agrees to release 50% of the payment upon signing and remaining after campaign completion.,payment
Delayed payment beyond 30 days shall attract a penalty of 10% interest.,payment
The league shall disburse prize money within 60 days of tournament completion.,payment
The brand agrees to pay the influencer Rs 100000 per promotional post.,payment
The team shall pay the player match fees after each game.,payment
Sponsorship amount shall be credited within 15 days.,payment
The league will release funds after verification of documents.,payment
Payment shall be subject to tax deductions as per law.,payment
The club agrees to pay signing bonus upon contract execution.,payment
The franchise shall clear dues before the start of the season.,payment
All payments shall be processed through official banking channels.,payment
The player shall receive bonus upon achieving milestones.,payment
The sponsor shall pay marketing fees quarterly.,payment
Payment is contingent upon successful completion of deliverables.,payment
Either party may terminate this agreement by giving thirty days written notice.,termination
The sponsor may terminate the agreement upon material breach.,termination
This contract may be terminated immediately for fraud or misconduct.,termination
The company has the right to terminate services if obligations are not met.,termination
The agreement shall stand terminated upon insolvency of either party.,termination
The employer may end this contract by serving prior notice.,termination
Termination shall be effective from the date of written communication.,termination
The contract may be cancelled if the player misses three events.,termination
The parties may mutually terminate the agreement at any time.,termination
Failure to deliver services may result in termination.,termination
The sponsor may end the arrangement for breach of exclusivity.,termination
This agreement shall automatically terminate upon expiry of the term.,termination
The agreement may be terminated for convenience with sixty days notice.,termination
Repeated violation of policy shall lead to termination.,termination
The partnership may be dissolved by written consent of both parties.,termination
The agreement shall cease to have effect after termination.,termination
The club may terminate the player contract for serious misconduct.,termination
The service provider may terminate if payments remain unpaid.,termination
The contract may be rescinded for misrepresentation.,termination
Either side may terminate after failure to cure breach within ten days.,termination
Either party may terminate this agreement with 30 days written notice.,termination
The franchise may terminate the contract immediately in case of misconduct.,termination
Contract shall terminate automatically if player fails doping test.,termination
The agreement may be terminated if performance targets are not met.,termination
Termination without cause requires a penalty payment of Rs 500000.,termination
The player contract shall terminate upon serious injury.,termination
The league may terminate participation for rule violations.,termination
Failure to attend mandatory events may lead to termination.,termination
The club reserves the right to terminate for indiscipline.,termination
The agreement shall terminate if sponsorship obligations are unmet.,termination
The franchise may terminate due to poor performance.,termination
Contract may end if player breaches anti-corruption code.,termination
The agreement terminates automatically at season end.,termination
Either party may terminate upon breach of conduct policies.,termination
The team may release the player with immediate effect.,termination
A penalty of Rs 10000 shall be imposed for late delivery.,penalty
The player shall pay fine for missing training sessions.,penalty
Penalty shall apply for violation of league rules.,penalty
A fine shall be imposed for late arrival at matches.,penalty
The sponsor shall impose penalties for contract breach.,penalty
Non-compliance shall attract financial consequences.,penalty
Penalty shall be deducted from match fees.,penalty
Violation of code of conduct shall result in penalty.,penalty
Failure to attend media events shall incur penalty.,penalty
The club may impose disciplinary fines.,penalty
Each missed obligation will result in penalty charges.,penalty
Delay in payment will attract a penalty of 2 percent per month.,penalty
The player shall be liable to pay damages for missed appearances.,penalty
A late fee of Rs 5000 shall apply to each default.,penalty
Failure to meet deadlines shall result in financial penalty.,penalty
The contractor shall bear a penalty for non-performance.,penalty
Any breach of confidentiality shall invite liquidated damages.,penalty
A sum of Rs 25000 shall be deducted as penalty for delay.,penalty
Non-compliance with branding guidelines shall attract a fine.,penalty
The supplier must pay penalties for defective goods.,penalty
A charge of Rs 1000 per day shall be levied for delay.,penalty
Breach of exclusivity will result in a fixed penalty amount.,penalty
The company may recover losses and impose contractual penalties.,penalty
The athlete shall pay compensation for unauthorised endorsements.,penalty
Missed milestones shall trigger monetary penalties.,penalty
The franchisee shall be penalized for each violation recorded.,penalty
Late submission of reports shall lead to penalty.,penalty
The lessee shall incur penalties for delayed rent.,penalty
Default in performance will result in deduction from fees.,penalty
A financial sanction shall apply for each missed obligation.,penalty
The player shall not disclose contract terms publicly.,confidentiality
All negotiations shall remain confidential.,confidentiality
The sponsor shall protect proprietary information.,confidentiality
Confidential data shall not be shared with competitors.,confidentiality
The athlete shall not reveal internal strategies.,confidentiality
All business dealings shall remain private.,confidentiality
Confidentiality obligations extend beyond termination.,confidentiality
No party shall leak financial details.,confidentiality
Sensitive data must be encrypted and secured.,confidentiality
The parties agree to strict non-disclosure obligations.,confidentiality
The receiving party shall keep all confidential information secret.,confidentiality
No confidential data shall be disclosed to third parties.,confidentiality
The employee shall not reveal proprietary information.,confidentiality
Trade secrets must be protected at all times.,confidentiality
Both parties agree to maintain strict confidentiality.,confidentiality
Confidential material shall be used only for contract purposes.,confidentiality
The consultant shall not share internal documents.,confidentiality
Sensitive business information must remain private.,confidentiality
The parties shall preserve secrecy of all non-public information.,confidentiality
Disclosure of confidential content is prohibited without consent.,confidentiality
All technical know-how shall be treated as confidential.,confidentiality
The player shall not leak promotional plans to outsiders.,confidentiality
Marketing strategies shared under this agreement are confidential.,confidentiality
The recipient shall return all confidential records on request.,confidentiality
The confidentiality obligation shall survive termination.,confidentiality
Private data may only be accessed by authorized personnel.,confidentiality
The vendor shall not publish client information.,confidentiality
Confidential reports shall not be copied or distributed.,confidentiality
All non-public financial data must be safeguarded.,confidentiality
Breach of confidentiality may lead to legal action.,confidentiality
Both parties agree to keep all contract details confidential.,confidentiality
Disclosure of sensitive information may result in legal action.,confidentiality
The player shall not share internal team strategies publicly.,confidentiality
Any dispute shall be resolved by arbitration in Mumbai.,dispute_resolution
All disputes shall be settled through sports arbitration.,dispute_resolution
Any dispute shall be referred to arbitration tribunal.,dispute_resolution
The parties agree to resolve disputes amicably.,dispute_resolution
Disputes shall be handled by league authority.,dispute_resolution
The arbitration venue shall be Mumbai.,dispute_resolution
All disputes shall be subject to ICC arbitration.,dispute_resolution
The parties shall attempt mediation before litigation.,dispute_resolution
Disputes shall be resolved under BCCI guidelines.,dispute_resolution
The decision of arbitrator shall be binding.,dispute_resolution
All conflicts shall be settled through mutual negotiation.,dispute_resolution
Disputes arising under this agreement shall be settled through arbitration.,dispute_resolution
Any controversy shall be referred to a sole arbitrator.,dispute_resolution
The parties shall first attempt amicable settlement of disputes.,dispute_resolution
All disputes shall be subject to mediation before arbitration.,dispute_resolution
In case of conflict the matter shall be resolved in court.,dispute_resolution
The parties agree to resolve disputes through mutual negotiation.,dispute_resolution
A dispute board shall hear disagreements under this contract.,dispute_resolution
Any legal dispute shall be submitted to arbitration.,dispute_resolution
The jurisdiction for dispute settlement shall be Delhi courts.,dispute_resolution
Claims and disputes shall be decided by a competent tribunal.,dispute_resolution
All disputes shall be handled under the Arbitration and Conciliation Act.,dispute_resolution
Disputes must be raised within thirty days for resolution.,dispute_resolution
The venue of arbitration shall be New Delhi.,dispute_resolution
Any disagreement shall first be discussed in good faith.,dispute_resolution
The parties submit to the exclusive jurisdiction of Mumbai courts.,dispute_resolution
Arbitration proceedings shall be conducted in English.,dispute_resolution
A neutral mediator shall be appointed in case of dispute.,dispute_resolution
The award of the arbitrator shall be final and binding.,dispute_resolution
All contract disputes shall be addressed before competent courts.,dispute_resolution
This agreement shall be governed by the laws of India.,governing_law
The contract shall be interpreted under Indian law.,governing_law
The governing law of this agreement shall be the law of Delhi.,governing_law
This deed shall be subject to the laws in force in India.,governing_law
The parties agree that Indian legal principles shall apply.,governing_law
This contract is regulated by the laws of Maharashtra.,governing_law
This agreement shall be governed by BCCI regulations.,governing_law
The contract shall follow ICC rules.,governing_law
The agreement shall comply with Indian sports law.,governing_law
All terms shall be interpreted under national law.,governing_law
This contract shall follow IPL governing policies.,governing_law
The agreement is subject to international sports regulations.,governing_law
Applicable law shall be Indian jurisdiction.,governing_law
The agreement shall be governed by local league rules.,governing_law
All provisions shall comply with governing statutes.,governing_law
Legal framework shall be Indian law.,governing_law
Applicable law shall be the law of the Republic of India.,governing_law
This arrangement shall be construed according to Indian statutes.,governing_law
The rights of parties shall be determined under Indian law.,governing_law
The agreement will be governed by local legal provisions.,governing_law
The contract shall follow the law applicable in Mumbai.,governing_law
This agreement shall be governed by and construed under Indian law.,governing_law
The governing law shall be the laws of England and Wales.,governing_law
This agreement shall be interpreted in accordance with Singapore law.,governing_law
The contract will be subject to federal law.,governing_law
Any arbitration shall be conducted under ICC rules.,governing_law
The player shall be liable for any breach of endorsement obligations.,liability
The player shall be liable for breach of discipline.,liability
The club is not liable for player injuries.,liability
The sponsor shall not be responsible for losses.,liability
The league disclaims liability for event cancellations.,liability
The athlete shall bear responsibility for misconduct.,liability
The franchise is not liable for external damages.,liability
The player shall indemnify the team against losses.,liability
The organization shall not be liable for delays.,liability
The sponsor shall not bear liability for performance failure.,liability
Any risk shall be borne by the player.,liability
The sponsor is not responsible for injuries during promotional events.,liability
Any damages caused due to negligence shall be borne by the franchise.,liability
The organization disclaims liability for unforeseen event cancellations.,liability
The player must participate in at least 90% of scheduled matches.,performance
Failure to meet performance benchmarks may lead to contract review.,performance
The influencer must post at least 5 promotional contents per month.,performance
Non-compliance with training schedules may result in penalties.,performance
The player must maintain fitness standards.,performance
Minimum performance criteria must be met.,performance
The athlete must attend all scheduled matches.,performance
The player shall comply with training schedules.,performance
Performance metrics shall be evaluated monthly.,performance
Failure to perform may lead to review.,performance
The athlete must meet contractual obligations.,performance
The player must maintain discipline standards.,performance
The influencer must promote brand regularly.,performance
The player shall deliver expected performance outcomes.,performance
The term of this agreement shall be twelve months.,other
The player shall attend press conferences.,other
The sponsor shall provide branding kits.,other
The club shall arrange travel facilities.,other
The team shall provide accommodation.,other
The athlete shall participate in promotional events.,other
The organization shall issue ID credentials.,other
The sponsor shall provide uniforms.,other
The player shall wear team jersey.,other
The club shall provide training support.,other
The agreement shall be renewed upon consent.,other
The player must attend two promotional events each month.,other
The sponsor shall provide branding material to the player.,other
The company shall supply uniforms and equipment.,other
The consultant shall submit weekly reports.,other
The athlete must participate in media campaigns.,other
The sponsor shall provide travel and accommodation.,other
The parties may renew the agreement upon mutual consent.,other
The vendor must deliver goods at the listed address.,other
The influencer shall create three posts per month.,other
The service provider shall maintain quality standards.,other
The organization shall issue an identity card to the employee.,other
The player must wear sponsor logos during events.,other
The club shall provide access to training facilities.,other
The advertiser shall approve all content before publication.,other
This agreement becomes effective from the date of signing.,other
The contractor shall maintain proper records of work completed.,other
Both parties shall cooperate in good faith.,other
The franchisee shall use the approved trademark only.,other
All notices shall be sent by registered email.,other
The franchise shall pay the player a base salary of Rs 12000000 per season payable in monthly installments.,payment
Match fees of Rs 500000 shall be credited within 7 working days after each completed fixture.,payment
Win bonus of Rs 2000000 shall be disbursed within 14 days of championship victory.,payment
The sponsor shall pay endorsement fees of Rs 25000000 annually in four equal quarterly installments.,payment
Image rights fee of Rs 8000000 shall be paid for use in advertising campaigns throughout the season.,payment
Signing amount of Rs 15000000 shall be released within 5 business days of contract execution.,payment
Performance bonus of Rs 500000 per Man of the Match award shall be paid monthly.,payment
The league shall disburse prize money of Rs 50000000 within 45 days of tournament conclusion.,payment
Retention fee of Rs 20000000 shall be paid before the player auction commences.,payment
The athlete shall receive appearance fees of Rs 300000 per promotional event within 3 days.,payment
Central contract payment of Rs 7000000 shall be disbursed by the cricket board quarterly.,payment
Equipment sponsorship worth Rs 1200000 annually shall cover all playing gear and accessories.,payment
The broadcaster shall pay media rights fee of Rs 500000000 in three installments.,payment
Travel allowance of Rs 200000 per international assignment shall be reimbursed within 10 days.,payment
Training stipend of Rs 150000 per month shall be provided during off-season preparation.,payment
Relocation assistance of Rs 600000 shall be disbursed for moving to the franchise city.,payment
The athlete shall receive Rs 1000000 loyalty bonus for completing the full contract term.,payment
Playoff qualification bonus of Rs 3000000 shall be distributed among the playing squad.,payment
The sponsor agrees to pay Rs 400000 per social media promotional post within 48 hours.,payment
Medical insurance premium of Rs 250000 annually shall be paid by the franchise.,payment
Tournament participation fee of Rs 800000 shall be paid in advance by the organizer.,payment
The player shall receive 6% royalty on all personalized merchandise sales paid quarterly.,payment
Season-end performance bonus ranging from Rs 1000000 to Rs 5000000 based on metrics.,payment
Gate revenue sharing of 3% shall be paid to the visiting team within 21 days.,payment
The coach shall receive annual compensation of Rs 10000000 plus accommodation allowance.,payment
Injury compensation of 75% base salary shall continue for maximum 12 months.,payment
The athlete shall be paid Rs 150000 per day for participation in training camps.,payment
Brand ambassador fees of Rs 35000000 over three years shall be paid semi-annually.,payment
The franchise shall provide housing allowance of Rs 250000 monthly if accommodation not provided.,payment
Championship prize pool of Rs 100000000 shall be distributed within 30 days of finals.,payment
The player shall receive benefit fund contribution of 10% of annual salary.,payment
Overseas player premium of 25% additional salary shall be paid in foreign currency.,payment
The sponsor shall reimburse all business class travel expenses within 15 days of submission.,payment
Milestone bonus of Rs 2000000 for 100th match appearance shall be paid immediately.,payment
The athlete shall receive per diem of Rs 8000 for each away match day.,payment
Testimonial match revenue of 80% shall be paid to the retiring player.,payment
Marketing rights fee of Rs 4000000 shall be paid for commercial exploitation.,payment
The league shall pay minimum guaranteed amount of Rs 3000000 regardless of selection.,payment
Playoff appearance bonus of Rs 800000 per match shall be credited within 5 days.,payment
The franchise shall match any competing offer if player enters free agency.,payment
Broadcasting revenue share of Rs 15000000 shall be distributed among franchises annually.,payment
The player shall receive signing bonus equal to 20% of total contract value.,payment
Academy coaching fees of Rs 200000 per month shall be paid for youth development role.,payment
Exhibition match fees of Rs 600000 shall be paid within 3 business days.,payment
The sponsor shall pay Rs 5000000 for exclusive category rights for sporting goods.,payment
Franchise transfer fee of Rs 80000000 shall be paid by acquiring team within 10 days.,payment
The athlete shall receive Rs 1500000 as annual equipment and training allowance.,payment
Image rights reversion payment of Rs 2000000 upon contract expiry.,payment
Commercial appearance fees ranging from Rs 100000 to Rs 500000 per event.,payment
The player shall receive 50% advance payment of Rs 10000000 upon contract signing.,payment
Either party may terminate this agreement by providing 90 days written notice.,termination
The franchise reserves the right to terminate immediately for disciplinary violations.,termination
Contract shall terminate automatically if player fails mandatory drug test.,termination
The sponsor may terminate for material breach with 60 days notice period.,termination
Termination for cause does not require any advance notice or compensation.,termination
The player may terminate if not selected in playing eleven for 10 consecutive matches.,termination
Franchise bankruptcy or insolvency triggers immediate contract termination rights.,termination
The agreement shall terminate upon player retirement or permanent disability.,termination
Either party may terminate if obligations are not met within 30 days of notice.,termination
The league may terminate participation for repeated rule violations.,termination
Automatic termination occurs if player is convicted of criminal offense.,termination
The franchise may terminate with buyout payment of 50% remaining contract value.,termination
Mutual termination requires written consent of both parties.,termination
The contract terminates at the end of the specified season unless renewed.,termination
Termination during probation period requires only 15 days notice.,termination
The player may terminate for non-payment of dues for two consecutive months.,termination
Force majeure events allow termination without penalty after 6 months.,termination
The sponsor may terminate if athlete's public image is materially damaged.,termination
Club relegation triggers optional termination clause for marquee players.,termination
The agreement terminates if player joins competing league without permission.,termination
Injury preventing play for 9 consecutive months allows franchise termination.,termination
The player may terminate if franchise relocates to different city.,termination
Termination requires settlement of all pending dues within 30 days.,termination
The coach contract may be terminated with 6 months salary as severance.,termination
Automatic renewal unless either party provides termination notice 60 days prior.,termination
The franchise may release player to free agency with mutual agreement.,termination
Breach of morality clause enables immediate termination without compensation.,termination
The agreement terminates if league operations are permanently suspended.,termination
Player may opt out after third season with 120 days advance notice.,termination
The sponsor may terminate if athlete fails to maintain top 50 world ranking.,termination
Termination by franchise requires payment of guaranteed salary for remaining term.,termination
The player may terminate if coaching staff is changed without consultation.,termination
Contract voidable if material misrepresentation discovered within 90 days.,termination
The league may terminate for violation of anti-corruption code.,termination
Either party may terminate if performance targets mutually agreed are unmet.,termination
Late payment penalty of 2% per month shall be charged on overdue amounts.,penalty
Absence from training without approval incurs fine of Rs 50000 per day.,penalty
The player shall pay Rs 100000 fine for each missed promotional obligation.,penalty
Disciplinary action may result in suspension and fine up to Rs 500000.,penalty
Breach of social media policy attracts penalty of Rs 200000 per violation.,penalty
The athlete must pay Rs 25000 for each instance of late arrival to matches.,penalty
Non-compliance with fitness standards results in fine of Rs 150000.,penalty
Violation of team dress code incurs Rs 10000 penalty per occurrence.,penalty
The player shall forfeit match fees for voluntary withdrawal from selection.,penalty
Penalty of 10% contract value for breach of exclusivity agreement.,penalty
The franchise may deduct Rs 300000 for each unauthorized commercial appearance.,penalty
Repeated code of conduct violations may result in suspension without pay.,penalty
The player must pay liquidated damages of Rs 2000000 for contract breach.,penalty
Equipment damage due to negligence incurs replacement cost plus 25% penalty.,penalty
Missing mandatory anti-doping test attracts automatic fine of Rs 1000000.,penalty
The athlete shall pay Rs 75000 per day for unauthorized absence during season.,penalty
Breach of confidentiality may result in penalty equal to actual damages caused.,penalty
The player forfeits performance bonus if suspended for disciplinary reasons.,penalty
Late submission of required documents incurs Rs 5000 penalty per day.,penalty
The franchise may impose fine up to Rs 250000 for on-field misconduct.,penalty
Failure to attend press conferences after matches incurs Rs 50000 fine.,penalty
Violation of anti-corruption guidelines results in lifetime ban and financial penalty.,penalty
The player must pay costs incurred due to breach including legal fees.,penalty
Non-participation in community service events attracts Rs 100000 penalty.,penalty
The athlete shall bear full cost of medical treatment for non-sports injuries.,penalty
Penalty clause for early termination equals 30% of remaining contract value.,penalty
The player shall pay Rs 500000 for each instance of bringing sport into disrepute.,penalty
Accumulation of three yellow cards results in one match suspension without pay.,penalty
The franchise may recover signing bonus if player leaves within first year.,penalty
Penalty of Rs 2000000 for joining rival franchise within 12 months of termination.,penalty
All contract negotiations and financial terms shall remain strictly confidential.,confidentiality
The player shall not disclose team strategies or tactical information publicly.,confidentiality
Confidentiality obligations survive contract termination for a period of 5 years.,confidentiality
The franchise must protect athlete's personal information and medical records.,confidentiality
Both parties agree not to discuss contract disputes in public or media.,confidentiality
Trade secrets and proprietary training methods shall remain confidential indefinitely.,confidentiality
The athlete shall not reveal sponsor's marketing plans or campaign details.,confidentiality
Non-disclosure agreement covers all commercial terms and performance bonuses.,confidentiality
The player must obtain written approval before discussing contract publicly.,confidentiality
Confidential information includes scouting reports and player evaluations.,confidentiality
The franchise shall not disclose player's salary or bonus structure.,confidentiality
Both parties must keep settlement terms confidential upon termination.,confidentiality
The athlete shall sign separate NDA for access to proprietary technology.,confidentiality
Breach of confidentiality may result in injunction and monetary damages.,confidentiality
The player shall not share internal communications or team meetings content.,confidentiality
Confidential data must be returned or destroyed upon contract expiry.,confidentiality
The sponsor shall protect athlete's personal brand strategy information.,confidentiality
Any leak of confidential information allows aggrieved party to seek remedies.,confidentiality
The player must keep injury reports and medical data private.,confidentiality
Confidentiality extends to contract negotiations with third parties.,confidentiality
The franchise shall maintain privacy of player's family information.,confidentiality
Both parties agree to confidential arbitration for dispute resolution.,confidentiality
The athlete shall not disclose financial terms to other players or agents.,confidentiality
Pre-contract negotiations and discussions shall remain confidential.,confidentiality
The player must protect intellectual property of training programs.,confidentiality
Confidential information excludes data already in public domain.,confidentiality
The franchise shall implement security measures to protect sensitive data.,confidentiality
Authorized disclosure requires prior written consent from both parties.,confidentiality
The player shall maintain confidentiality of sponsor's product development plans.,confidentiality
Both parties warrant no unauthorized disclosure of proprietary information.,confidentiality
All disputes shall be resolved through arbitration under Arbitration Act 1996.,dispute_resolution
The venue for arbitration proceedings shall be Mumbai High Court jurisdiction.,dispute_resolution
Parties agree to mediation before initiating formal arbitration process.,dispute_resolution
A panel of three arbitrators shall be appointed for dispute resolution.,dispute_resolution
The arbitration shall be conducted in accordance with BCCI rules.,dispute_resolution
Disputes must be notified within 30 days of occurrence for resolution.,dispute_resolution
The arbitrator's decision shall be final and binding on both parties.,dispute_resolution
Arbitration proceedings shall be confidential and conducted in English language.,dispute_resolution
The parties submit to exclusive jurisdiction of Delhi courts for legal matters.,dispute_resolution
Sports disputes shall be referred to Court of Arbitration for Sport (CAS).,dispute_resolution
Any controversy must first be addressed through good faith negotiations.,dispute_resolution
The league commissioner shall have authority to resolve player-franchise disputes.,dispute_resolution
Emergency interim relief may be sought from competent civil court.,dispute_resolution
Arbitration costs shall be borne equally by both parties unless decided otherwise.,dispute_resolution
Disputes regarding contract interpretation shall be resolved by neutral expert.,dispute_resolution
The parties agree to fast-track arbitration for time-sensitive matters.,dispute_resolution
Appeal against arbitration award limited to grounds specified by law.,dispute_resolution
Disputes arising during season shall not affect player's participation.,dispute_resolution
The arbitration award shall be enforceable as court decree.,dispute_resolution
Parties waive right to jury trial for any contract disputes.,dispute_resolution
Mediation session must be completed within 45 days of dispute notice.,dispute_resolution
The dispute resolution clause survives termination of this agreement.,dispute_resolution
Arbitrator shall be appointed from panel of sports law experts.,dispute_resolution
Disputes shall be resolved in accordance with ICC Dispute Resolution Rules.,dispute_resolution
The parties agree to binding arbitration administered by SIAC Singapore.,dispute_resolution
Any dispute shall be governed by substantive law excluding conflict rules.,dispute_resolution
The franchise and player agree to resolve disputes through league tribunal.,dispute_resolution
Arbitration proceedings may be initiated by either party with 15 days notice.,dispute_resolution
The seat of arbitration shall be New Delhi with proceedings in English.,dispute_resolution
Parties agree not to pursue parallel litigation during arbitration.,dispute_resolution
This agreement shall be governed by the laws of India and applicable sports regulations.,governing_law
The contract shall be interpreted in accordance with Indian Contract Act 1872.,governing_law
BCCI playing conditions and regulations shall form part of this agreement.,governing_law
The agreement is subject to IPL governing council rules and amendments.,governing_law
All statutory compliances under Indian labor laws must be maintained.,governing_law
The contract shall comply with Foreign Exchange Management Act for overseas payments.,governing_law
ICC anti-corruption code shall be binding on the player.,governing_law
The agreement incorporates by reference all league bylaws and policies.,governing_law
Tax liabilities shall be governed by Income Tax Act of India.,governing_law
The player agrees to abide by national anti-doping regulations.,governing_law
Jurisdiction for legal proceedings shall be courts of Mumbai Maharashtra.,governing_law
The contract is subject to sports ministry guidelines and directives.,governing_law
All amendments to league rules automatically apply to this agreement.,governing_law
The governing law shall be Indian law without regard to conflict provisions.,governing_law
Player registration rules of respective sports federation shall apply.,governing_law
The agreement shall comply with Right to Information Act where applicable.,governing_law
International transfer regulations shall govern player movements across borders.,governing_law
The contract is subject to collective bargaining agreement if applicable.,governing_law
Applicable law includes both central and state sporting regulations.,governing_law
The player must comply with visa and immigration laws for international play.,governing_law
This agreement shall be governed by laws of England for international disputes.,governing_law
FIFA regulations shall apply for football-related contractual matters.,governing_law
The contract incorporates ICC playing conditions for cricket.,governing_law
Olympic charter provisions shall govern participation in Olympic events.,governing_law
The agreement is subject to updates in sports broadcasting regulations.,governing_law
Competition law and anti-trust regulations shall apply to exclusivity clauses.,governing_law
The player acknowledges WADA code compliance as condition of participation.,governing_law
Data protection laws shall govern handling of athlete's personal information.,governing_law
The contract shall comply with minimum wage regulations for professional athletes.,governing_law
Constitutional provisions regarding fundamental rights shall not be waived.,governing_law
The franchise shall not be liable for injuries sustained during authorized play.,liability
The player assumes all risk of injury inherent in professional sports.,liability
The league disclaims liability for event cancellation due to force majeure.,liability
The sponsor is not responsible for athlete's performance or results.,liability
The player shall indemnify franchise against third-party claims arising from misconduct.,liability
Neither party shall be liable for indirect or consequential damages.,liability
The franchise's maximum liability is limited to total contract value.,liability
The athlete releases league from liability for injuries during sanctioned events.,liability
The sponsor shall not be held liable for unauthorized use of player's image.,liability
Product liability for endorsed goods remains with manufacturer not athlete.,liability
The player is solely responsible for tax compliance and liabilities.,liability
The franchise disclaims liability for criminal acts of the player.,liability
Force majeure events excuse performance without liability.,liability
The league is not liable for financial losses due to poor team performance.,liability
The player shall maintain adequate personal liability insurance.,liability
The sponsor's liability for breach is limited to refund of fees paid.,liability
The athlete waives claims against franchise for normal wear and career decline.,liability
Neither party liable for failure to perform due to government restrictions.,liability
The franchise shall indemnify player against claims arising from franchise's breach.,liability
The player accepts liability for damage to team property due to negligence.,liability
The league assumes no liability for third-party contractual disputes.,liability
The sponsor is not liable for competitor's actions or market conditions.,liability
The player shall hold franchise harmless from claims by player's representatives.,liability
Liability for travel accidents during official duty covered by insurance only.,liability
The franchise disclaims warranties regarding career advancement or selection.,liability
The athlete accepts all medical risks and releases team doctors from liability.,liability
The league is not liable for changes in tournament format or rules.,liability
The player indemnifies sponsor against intellectual property infringement claims.,liability
Neither party liable for acts of god or circumstances beyond reasonable control.,liability
The franchise's liability for wrongful termination limited to remaining salary.,liability
The player must attend minimum 90% of all scheduled team training sessions.,performance
The athlete shall maintain body composition within 15% body fat as measured monthly.,performance
Failure to achieve fitness benchmarks may result in contract review or termination.,performance
The player must complete all mandatory physical assessments before season starts.,performance
Performance metrics including strike rate and average shall be evaluated quarterly.,performance
The athlete must participate in all matches unless injured or granted leave.,performance
Minimum playing time guarantee of 60% subject to performance and fitness.,performance
The player shall achieve target ranking within top 100 globally by season end.,performance
Non-compliance with training schedule may result in fines and suspension.,performance
The athlete must maintain professional conduct during all public appearances.,performance
Performance bonus contingent on achieving 80% attendance at practice sessions.,performance
The player shall undergo periodic skill assessments by designated coaches.,performance
Failure to meet minimum match performance standards triggers improvement plan.,performance
The athlete must participate in community outreach programs monthly.,performance
The player shall maintain social media presence with minimum engagement metrics.,performance
Performance improvement plan may be instituted for three consecutive poor performances.,performance
The athlete must submit to random drug testing without advance notice.,performance
The player shall participate in all media obligations and press conferences.,performance
Minimum performance standard requires availability for 85% of season matches.,performance
The athlete must attend all promotional events as reasonably requested.,performance
The player shall achieve certification in anti-doping education annually.,performance
Performance analytics and biometric data may be collected for improvement.,performance
The athlete must participate in team-building activities and bonding sessions.,performance
The player shall comply with all league uniform and branding requirements.,performance
Failure to maintain required performance levels may trigger salary reduction.,performance
The athlete must attend mental conditioning and sports psychology sessions.,performance
The player shall participate in youth coaching and mentorship programs.,performance
Performance targets shall be revised annually based on age and role.,performance
The athlete must maintain valid passport and necessary travel documents.,performance
The player shall achieve minimum threshold in standardized fitness tests.,performance
The term of this agreement shall commence from signing date and continue for 3 years.,other
The player shall wear team uniform and display sponsor logos during all matches.,other
The franchise shall provide business class travel for all international assignments.,other
The athlete is entitled to 30 days paid leave annually excluding injury periods.,other
The player shall attend jersey launch events and season opening ceremonies.,other
The franchise shall provide accommodation meeting four-star hotel standards.,other
The athlete may engage personal coach subject to franchise approval.,other
The player shall participate in fan meet-and-greet events quarterly.,other
The franchise shall provide access to world-class training facilities.,other
The athlete is entitled to bring family members to home matches.,other
The player shall make himself available for commercial photoshoots.,other
The franchise shall provide nutritionist and dietary consultation services.,other
The athlete may request second medical opinion at franchise expense.,other
The player shall attend mandatory team meetings and strategy sessions.,other
The franchise shall provide physiotherapy and rehabilitation support.,other
The athlete is entitled to complimentary team merchandise quarterly.,other
The player shall participate in pre-season training camp in full.,other
The franchise shall arrange visa and work permit for international players.,other
The athlete may negotiate personal sponsorships with prior approval.,other
The player shall grant interview rights to official league broadcaster.,other
The franchise shall provide parking and transportation to training facility.,other
The athlete is entitled to use of team gym and fitness equipment.,other
The player shall allow use of name and likeness for team promotions.,other
The franchise shall maintain comprehensive medical insurance coverage.,other
The athlete may request schedule accommodation for religious observances.,other
The player shall attend annual awards ceremony and gala dinner.,other
The franchise shall provide interpreter services for foreign players.,other
The athlete is entitled to priority booking for physio appointments.,other
The player shall participate in digital content creation for team channels.,other
The franchise shall conduct annual contract review meeting with player.,other
The player must report all gifts exceeding Rs 10000 received from third parties.,compliance
The athlete shall complete annual anti-corruption education certification.,compliance
All payments shall comply with tax deduction at source requirements.,compliance
The player must maintain valid work permit for playing in the league.,compliance
The franchise shall ensure compliance with child labor laws for minor players.,compliance
The athlete must declare all offshore income and comply with FEMA regulations.,compliance
Player registration must be completed before participating in official matches.,compliance
The franchise shall comply with salary cap regulations imposed by league.,compliance
The athlete must submit to background verification and police clearance.,compliance
Compliance with anti-match-fixing protocols is mandatory for all players.,compliance
The franchise shall maintain statutory records and filings with authorities.,compliance
The player must comply with visa conditions and immigration regulations.,compliance
All commercial agreements require league approval for compliance.,compliance
The franchise shall ensure compliance with equal opportunity employment laws.,compliance
The athlete must complete harassment prevention training within 30 days.,compliance
Compliance with WADA prohibited substances list is mandatory.,compliance
The franchise shall file information returns for all player payments.,compliance
The athlete must comply with national team selection and availability.,compliance
Medical data handling shall comply with privacy and data protection laws.,compliance
The franchise shall ensure insurance compliance for all players.,compliance
The player must attend mandatory ethics and integrity workshops.,compliance
Compliance with broadcasting restrictions during matches is required.,compliance
The franchise shall maintain compliance with environmental regulations.,compliance
The athlete must report any approach for corrupt practices immediately.,compliance
Financial fair play regulations must be complied with by franchise.,compliance
The player shall comply with team's code of conduct and disciplinary rules.,compliance
The franchise must ensure workplace safety compliance at training facilities.,compliance
The athlete shall comply with doping control procedures and sample collection.,compliance
All contract amendments require written consent and league approval.,compliance
The franchise shall ensure compliance with accessibility requirements.,compliance
The player shall be provided with written employment contract within 7 days.,other
Annual performance appraisal shall be conducted at end of each season.,other
The franchise shall organize team building activities and bonding sessions.,other
The athlete may designate beneficiary for insurance and compensation purposes.,other
The player shall have locker and storage facilities at training venue.,other
The franchise shall provide mental health counseling services confidentially.,other
The athlete is entitled to grievance redressal through player association.,other
The player shall receive detailed breakdown of all deductions from payments.,other
The franchise shall conduct exit interview upon contract termination.,other
The athlete may request transfer to another franchise with written notice.,other
The player shall be notified of coaching staff changes in advance.,other
The franchise shall provide career transition support post-retirement.,other
The athlete is entitled to use team logo for personal portfolio.,other
The player shall receive copy of match statistics and performance reports.,other
The franchise shall organize family day events for players annually.,other
The athlete may participate in charity events with prior intimation.,other
The player shall be consulted on major team decisions affecting role.,other
The franchise shall provide language and cultural training for foreign players.,other
The athlete is entitled to medical records upon request.,other
The player shall receive advance notice of any contract assignment.,other
The franchise shall maintain player welfare fund contributions.,other
The athlete may form players committee for collective representation.,other
The player shall be provided with detailed tour itinerary in advance.,other
The franchise shall recognize major personal milestones and achievements.,other
The athlete is entitled to fair hearing before disciplinary action.,other
The player shall receive orientation about club history and values.,other
The franchise shall provide tax advisory services for complex situations.,other
The athlete may request modification of training schedule for valid reasons.,other
The player shall be given opportunity to provide input on team strategy.,other
The franchise shall maintain transparent communication channels with players.,other